<?xml version="1.0" encoding="UTF-8"?>
<!DOCTYPE BAM SYSTEM "bam.dtd">

<BAM>
  <modelName>BAM Biocide Model</modelName>
  <modelDescr>BAM Biocide Model description ...</modelDescr>
  <rxnName>Growth</rxnName>
  <rxnName>Biocide w/live</rxnName>
  <rxnName>Biocide w/dead</rxnName>
  <rxnName>Disinfection</rxnName>
  <substrate name="Glucose" abbr="Glu" diff="+5.70000e-04">
    <rxnData stoich="-2.22000e+00" law="Monod" coeff="+2.55000e+00"/>
    <rxnData stoich="+0.00000e+00" law="ZeroOrder" coeff="+1.00000e+00"/>
    <rxnData stoich="+0.00000e+00" law="ZeroOrder" coeff="+1.00000e+00"/>
    <rxnData stoich="+0.00000e+00" law="ZeroOrder" coeff="+1.00000e+00"/>
  </substrate>
  <substrate name="Biocide" abbr="Bio" diff="+1.50000e-04">
    <rxnData stoich="+0.00000e+00" law="ZeroOrder" coeff="+1.00000e+00"/>
    <rxnData stoich="-1.00000e+00" law="FirstOrder" coeff="+6.00000e+01"/>
    <rxnData stoich="-1.00000e+00" law="FirstOrder" coeff="+6.00000e+01"/>
    <rxnData stoich="+0.00000e+00" law="FirstOrder" coeff="+1.00000e+02"/>
  </substrate>
  <particulate name="Pseudomonas" abbr="Pse" rho="+3.00000e+04">
    <rxnData stoich="+1.00000e+00" law="FirstOrder" coeff="+7.50000e+00"/>
    <rxnData stoich="+0.00000e+00" law="FirstOrder" coeff="+1.00000e+00"/>
    <rxnData stoich="+0.00000e+00" law="ZeroOrder" coeff="+1.00000e+00"/>
    <rxnData stoich="-1.00000e+00" law="FirstOrder" coeff="+1.00000e+00"/>
  </particulate>
  <particulate name="Dead cells" abbr="Dea" rho="+3.00000e+04">
    <rxnData stoich="+0.00000e+00" law="ZeroOrder" coeff="+1.00000e+00"/>
    <rxnData stoich="+0.00000e+00" law="ZeroOrder" coeff="+1.00000e+00"/>
    <rxnData stoich="+0.00000e+00" law="FirstOrder" coeff="+1.00000e+00"/>
    <rxnData stoich="+1.00000e+00" law="ZeroOrder" coeff="+1.00000e+00"/>
  </particulate>
  <time init="0" final="10" step="0.1"/>
  <numGrid>5</numGrid>
  <detach coeff1="+9.60000e+04" coeff2="+0.00000e+00" coeff3="+0.00000e+00" coeff4="+0.00000e+00" coeff5="+0.00000e+00"/>
  <biocide conc="+0.00000e+00" begin="+0.00000e+00" duration="+0.00000e+00" freq="+9.99000e+02" det="+0.00000e+00" pulseStep="Step"/>
  <flow time1="+0.00000e+00" flow1="+1.00000e00" time2="+9.99000e+02" flow2="+0.00000e00" time3="+9.99000e+02" flow3="+0.00000e00" time4="+9.99000e+02" flow4="+0.00000e00" time5="+9.99000e+02" flow5="+0.00000e00"/>
  <unit initThickness="5.0E-5" fixCalc="Calculate">
    <geometry area="1.0" thickness="1.05E-4" vol="0.1" voidFrac="0.885" diff="0.8" rate="0.0"/>
    <initSubstrate inletConc="+0.00000e+01" bulkConc="+0.00000e+00" fixCalc="Calculate"/>
    <initSubstrate inletConc="+4.00000e+00" bulkConc="+0.00000e+00" fixCalc="Calculate"/>
    <initParticulate inletConc="+0.00000e+01" bulkConc="+0.00000e+00" voidFrac="0.11499997"/>
    <initParticulate inletConc="+0.00000e+01" bulkConc="+0.00000e+00" voidFrac="1.0e-8"/>
  </unit>
  <numCoeff stol="0.00" ntol="0.00"/>
</BAM>
